<?xml version="1.0" encoding="UTF-8"?>
<?xml-stylesheet type="text/xsl" href="configuration.xsl"?>

<configuration>
 <property>
    <name>fs.defaultFS</name>
    <value>hdfs://namenode.sat.iit.edu/</value>
    <description>NameNode URI</description>
  </property>
  <property>
		<name>io.file.buffer.size</name>
		<value>131072</value>
		<description>The default I/O file sizs for Hadoop</description>
	</property>
  <property>
    <name>hadoop.tmp.dir</name>
    <value>/home/controller/datapool1/hadoop-${user.name}</value>
    <description>https://hadoop.apache.org/docs/r2.6.5/hadoop-project-dist/hadoop-common/core-default.xml</description>
  </property>

<!--
<property>
  <name>dfs.namenode.rpc-bind-host</name>
  <value>0.0.0.0:8020</value>
</property>
-->

<!-- this property added to enable native bzip2 compression  http://hadoop.apache.org/docs/r2.5.2/hadoop-project-dist/hadoop-common/core-default.xml -->
  <property>
    <name>io.compression.codec.bzip2.library</name>
    <value>system-native</value>
    <description>The native-code library to be used for compression and decompression by the bzip2 codec. This library could be specified either by by name or the full pathname. In the former case, the library is located by the dynamic linker, usually searching the directories specified in the environment variable LD_LIBRARY_PATH. The value of "system-native" indicates that the default system library should be used. To indicate that the algorithm should operate entirely in Java, specify "java-builtin".</description>
  </property>
  <property>
    <name>io.compression.codecs</name>
    <value>org.apache.hadoop.io.compress.GzipCodec,org.apache.hadoop.io.compress.DefaultCodec,org.apache.hadoop.io.compress.BZip2Codec</value>
    <description>https://cwiki.apache.org/confluence/display/Hive/LanguageManual+LZO</description>
  </property>
  <!--
  <property>
    <name>io.compression.codecs</name>
    <value>org.apache.hadoop.io.compress.GzipCodec,org.apache.hadoop.io.compress.DefaultCodec,org.apache.hadoop.io.compress.BZip2Codec,com.hadoop.compression.lzo.LzoCodec,com.hadoop.compression.lzo.LzopCodec,org.apache.hadoop.io.compress.SnappyCodec</value>
    <description>https://cwiki.apache.org/confluence/display/Hive/LanguageManual+LZO</description>
</property>  
  <property>
    <name>io.compression.codec.lzo.class</name>
    <value>com.hadoop.compression.lzo.LzoCodec</value>
    <description>https://cwiki.apache.org/confluence/display/Hive/LanguageManual+LZO</description>
  </property>
  -->
</configuration>
