<?xml version="1.0" encoding="UTF-8"?>
<?xml-stylesheet type="text/xsl" href="configuration.xsl"?>

<configuration>

<property>
  <name>yarn.resourcemanager.hostname</name>
  <value>namenode.sat.iit.edu</value>
  <description>The hostname of the ResourceManager</description>
</property>
<property>
  <name>yarn.resourcemanager.address</name>
  <value>namenode.sat.iit.edu:8032</value>
  <description>The hostname of the ResourceManager</description>
</property>
<property>
  <name>yarn.resourcemanager.webapp.address</name>
  <value>192.168.1.100:8088</value>
  <description>IP address of rm</description>
</property>
<property>
  <name>yarn.nodemanager.aux-services</name>
  <value>mapreduce_shuffle</value>
  <description>shuffle service for MapReduce</description>
</property>
<property>
  <name>yarn.nodemanager.resource.cpu-vcores</name>
  <value>6</value>
  <description>Number of vcores that can be allocated for containers. This is used by the RM scheduler when allocating resources for containers. This is not used to limit the number of physical cores used by YARN containers.</description>
</property>
<property>
  <name>yarn.nodemanager.resource.memory-mb</name>
  <value>20480</value>
  <description>Memory max that can be allocated to a container</description>
</property>
<property>
  <name>yarn.nodemanager.log-dirs</name>
  <value>/home/controller/node-log/</value>
  <description>Nodemanager log directory</description>
</property>

<property>
  <name>yarn.nodemanager.webapp.address</name>
  <value>0.0.0.0:8042</value>
</property>
<property>
  <name>yarn.resourcemanager.scheduler.class</name>
  <value>org.apache.hadoop.yarn.server.resourcemanager.scheduler.fair.FairScheduler</value>
  <description>Adding fair scheduler http://hadoop.apache.org/docs/r2.6.5/hadoop-yarn/hadoop-yarn-site/FairScheduler.html</description>
</property>
    <property>
        <name>yarn.scheduler.fair.preemption</name>
        <value>false</value>
        <description>allows for small jobs to prempt large jobs - http://hadoop.apache.org/docs/r2.6.5/hadoop-yarn/hadoop-yarn-site/FairScheduler.html</description>
    </property>
    <property>
        <name>yarn.scheduler.fair.allow-undeclared-pools</name>
        <value>false</value>
        <description>Dis-allows adhoc pool creation</description>
    </property>
    <property>
        <name>yarn.scheduler.fair.user-as-default-queue</name>
        <value>false</value>
        <description>Sets all jobs into the default queue as opposed to username</description>
    </property>
    <property>
        <name>yarn.log-aggregation-enable</name>
        <value>true</value>
        <description>Whether to enable log aggregation</description>
    </property>
    <property>
        <name>yarn.nodemanager.remote-app-log-dir</name>
        <value>/datapool1/log-agg/</value>
        <description>Where to aggregate logs to.</description>
    </property>    
</configuration>








